DESIGN_ID,SEQ_ID,PROBE_SEQUENCE,CONTAINER,PROBE_ID,PROBE_NUMBER,SEQ_NUMBER,SEQ_INFO,SEQ_SOURCE,Long.COVID.EBV_Plasma_700655_2022.09.23_15.11_Area1_IgG_A01,Long.COVID.EBV_Plasma_700655_2022.09.23_15.11_Area1_IgG_A02,Long.COVID.EBV_Plasma_700655_2022.09.23_15.11_Area1_IgG_A03,COVID.19.recovered.control_Plasma_702572_2022.09.23_13.22_Area1_IgG_A01,COVID.19.recovered.control_Plasma_702572_2022.09.23_13.22_Area1_IgG_A02,COVID.19.recovered.control_Plasma_702572_2022.09.23_13.22_Area1_IgG_A03,COVID.19.recovered.control_Plasma_702572_2022.09.23_13.22_Area1_IgG_A04,COVID.19.recovered.control_Plasma_702572_2022.09.23_13.22_Area1_IgG_A05,COVID.19.recovered.control_Plasma_702572_2022.09.23_13.22_Area1_IgG_A06,COVID.19.recovered.control_Plasma_702572_2022.09.23_13.22_Area1_IgG_A07,COVID.19.recovered.control_Plasma_702572_2022.09.23_13.22_Area1_IgG_A08,COVID.19.recovered.control_Plasma_702572_2022.09.23_13.22_Area1_IgG_A09,COVID.19.recovered.control_Plasma_702572_2022.09.23_13.22_Area1_IgG_A10,COVID.19.recovered.control_Plasma_702572_2022.09.23_13.22_Area1_IgG_A11,Long.COVID.19_Plasma_702572_2022.09.23_13.22_Area1_IgG_A12,Long.COVID.19_Plasma_702733_2022.09.23_14.35_Area1_IgG_A01,Long.COVID.19_Plasma_702733_2022.09.23_14.35_Area1_IgG_A02,Long.COVID.19_Plasma_702733_2022.09.23_14.35_Area1_IgG_A03,Long.COVID.19_Plasma_702733_2022.09.23_14.35_Area1_IgG_A04,Long.COVID.19_Plasma_702733_2022.09.23_14.35_Area1_IgG_A05,Long.COVID.19_Plasma_702733_2022.09.23_14.35_Area1_IgG_A06,Long.COVID.19_Plasma_702733_2022.09.23_14.35_Area1_IgG_A07,Long.COVID.19_Plasma_702733_2022.09.23_14.35_Area1_IgG_A08,Long.COVID.19_Plasma_702733_2022.09.23_14.35_Area1_IgG_A09,Long.COVID.19_Plasma_702733_2022.09.23_14.35_Area1_IgG_A10,Long.COVID.19_Plasma_702733_2022.09.23_14.35_Area1_IgG_A11,Long.COVID.EBV_Plasma_702733_2022.09.23_14.35_Area1_IgG_A12,Long.COVID.19_Plasma_702968_2022.09.23_13.58_Area1_IgG_A01,Long.COVID.19_Plasma_702968_2022.09.23_13.58_Area1_IgG_A02,Long.COVID.19_Plasma_702968_2022.09.23_13.58_Area1_IgG_A03,Long.COVID.19_Plasma_702968_2022.09.23_13.58_Area1_IgG_A04,Long.COVID.19_Plasma_702968_2022.09.23_13.58_Area1_IgG_A05,Long.COVID.19_Plasma_702968_2022.09.23_13.58_Area1_IgG_A06,Long.COVID.19_Plasma_702968_2022.09.23_13.58_Area1_IgG_A07,Long.COVID.19_Plasma_702968_2022.09.23_13.58_Area1_IgG_A08,Long.COVID.19_Plasma_702968_2022.09.23_13.58_Area1_IgG_A09,Long.COVID.19_Plasma_702968_2022.09.23_13.58_Area1_IgG_A10,Long.COVID.19_Plasma_702968_2022.09.23_13.58_Area1_IgG_A11,Long.COVID.19_Plasma_702968_2022.09.23_13.58_Area1_IgG_A12,MECFS_Control_Serum_624931_2020.09.02_15.59_Area1_IgG_A01,MECFS_Case_Serum_624931_2020.09.02_15.59_Area1_IgG_A02,MECFS_Case_Serum_624931_2020.09.02_15.59_Area1_IgG_A03,MECFS_Control_Serum_624931_2020.09.02_15.59_Area1_IgG_A04,MECFS_Case_Serum_624931_2020.09.02_15.59_Area1_IgG_A05,MECFS_Case_Serum_624931_2020.09.02_15.59_Area1_IgG_A06,MECFS_Case_Serum_624931_2020.09.02_15.59_Area1_IgG_A07,MECFS_Case_Serum_624931_2020.09.02_15.59_Area1_IgG_A08,MECFS_Control_Serum_624931_2020.09.02_15.59_Area1_IgG_A09,MECFS_Control_Serum_624931_2020.09.02_15.59_Area1_IgG_A10,MECFS_Case_Serum_624931_2020.09.02_15.59_Area1_IgG_A11,MECFS_Control_Serum_624931_2020.09.02_15.59_Area1_IgG_A12,MECFS_Control_Serum_624943_2020.09.03_15.26_Area1_IgG_A01,MECFS_Control_Serum_624943_2020.09.03_15.26_Area1_IgG_A02,MECFS_Control_Serum_624943_2020.09.03_15.26_Area1_IgG_A03,MECFS_Control_Serum_624943_2020.09.03_15.26_Area1_IgG_A04,MECFS_Control_Serum_624943_2020.09.03_15.26_Area1_IgG_A05,MECFS_Case_Serum_624943_2020.09.03_15.26_Area1_IgG_A06,MECFS_Case_Serum_624943_2020.09.03_15.26_Area1_IgG_A07,MECFS_Case_Serum_624943_2020.09.03_15.26_Area1_IgG_A08,MECFS_Case_CD56lo_T1_Plasma_700529_2022.09.16_14.25_Area1_IgG_A01,MECFS_Case_CD56lo_T1_Plasma_700529_2022.09.16_14.25_Area1_IgG_A02,MECFS_Case_CD56lo_T2_Plasma_700529_2022.09.16_14.25_Area1_IgG_A03,MECFS_Case_CD56lo_T2_Plasma_700529_2022.09.16_14.25_Area1_IgG_A06,MECFS_Case_CD56lo_T2_Plasma_700529_2022.09.16_14.25_Area1_IgG_A07,MECFS_Case_CD56lo_T3_Plasma_700529_2022.09.16_14.25_Area1_IgG_A08,MECFS_Case_CD56hi_T2_Plasma_700530_2022.09.16_13.12_Area1_IgG_A01,MECFS_Case_CD56hi_T2_Plasma_700530_2022.09.16_13.12_Area1_IgG_A02,MECFS_Case_CD56hi_T2_Plasma_700530_2022.09.16_13.12_Area1_IgG_A03,MECFS_Case_CD56hi_T2_Plasma_700530_2022.09.16_13.12_Area1_IgG_A04,MECFS_Case_CD56hi_T2_Plasma_700530_2022.09.16_13.12_Area1_IgG_A05,MECFS_Case_CD56hi_T2_Plasma_700530_2022.09.16_13.12_Area1_IgG_A06,MECFS_Case_CD56hi_T2_Plasma_700530_2022.09.16_13.12_Area1_IgG_A07,MECFS_Case_CD56hi_T3_Plasma_700530_2022.09.16_13.12_Area1_IgG_A08,MECFS_Case_CD56hi_T3_Plasma_700530_2022.09.16_13.12_Area1_IgG_A09,MECFS_Case_CD56hi_T3_Plasma_700530_2022.09.16_13.12_Area1_IgG_A10,MECFS_Case_CD56hi_T3_Plasma_700530_2022.09.16_13.12_Area1_IgG_A11,MECFS_Case_CD56hi_T3_Plasma_700530_2022.09.16_13.12_Area1_IgG_A12,MECFS_Case_CD56hi_T3_Plasma_700646_2022.09.16_13.48_Area1_IgG_A01,MECFS_Case_CD56lo_T1_Plasma_700646_2022.09.16_13.48_Area1_IgG_A02,MECFS_Case_CD56lo_T1_Plasma_700646_2022.09.16_13.48_Area1_IgG_A03,MECFS_Case_CD56lo_T1_Plasma_700646_2022.09.16_13.48_Area1_IgG_A04,MECFS_Case_CD56lo_T1_Plasma_700646_2022.09.16_13.48_Area1_IgG_A05,MECFS_Case_CD56lo_T1_Plasma_700646_2022.09.16_13.48_Area1_IgG_A06,MECFS_Case_CD56lo_T1_Plasma_700646_2022.09.16_13.48_Area1_IgG_A07,MECFS_Case_CD56lo_T1_Plasma_700646_2022.09.16_13.48_Area1_IgG_A08,MECFS_Case_CD56lo_T1_Plasma_700646_2022.09.16_13.48_Area1_IgG_A09,MECFS_Case_CD56lo_T1_Plasma_700646_2022.09.16_13.48_Area1_IgG_A10,MECFS_Case_CD56lo_T1_Plasma_700646_2022.09.16_13.48_Area1_IgG_A11,MECFS_Case_CD56lo_T1_Plasma_700646_2022.09.16_13.48_Area1_IgG_A12,MECFS_Case_CD56lo_T3_Plasma_700655_2022.09.23_15.11_Area1_IgG_A04,MECFS_Case_CD56lo_T2_Plasma_700655_2022.09.23_15.11_Area1_IgG_A05,MECFS_Case_CD56lo_T3_Plasma_700655_2022.09.23_15.11_Area1_IgG_A06,MECFS_Case_CD56lo_T3_Plasma_700655_2022.09.23_15.11_Area1_IgG_A07,MECFS_Case_CD56lo_T3_Plasma_700655_2022.09.23_15.11_Area1_IgG_A08,MECFS_Case_CD56lo_T2_Plasma_700655_2022.09.23_15.11_Area1_IgG_A09,MECFS_Case_CD56hi_T1_Plasma_700655_2022.09.23_15.11_Area1_IgG_A10,MECFS_Case_CD56hi_T1_Plasma_700655_2022.09.23_15.11_Area1_IgG_A11,MECFS_Case_CD56hi_T1_Plasma_700655_2022.09.23_15.11_Area1_IgG_A12,MECFS_Control_Serum_701839_2021.04.22_18.24_Area1_IgG_A01,MECFS_Control_Serum_701839_2021.04.22_18.24_Area1_IgG_A02,MECFS_Control_Serum_701839_2021.04.22_18.24_Area1_IgG_A03,MECFS_Control_Serum_701839_2021.04.22_18.24_Area1_IgG_A04,MECFS_Control_Serum_701839_2021.04.22_18.24_Area1_IgG_A05,MECFS_Control_Serum_701839_2021.04.22_18.24_Area1_IgG_A06,MECFS_Control_Serum_701839_2021.04.22_18.24_Area1_IgG_A07,MECFS_Control_Serum_701839_2021.04.22_18.24_Area1_IgG_A08,MECFS_Case_Serum_701871_2021.04.22_17.48_Area1_IgG_A01,MECFS_Case_Serum_701871_2021.04.22_17.48_Area1_IgG_A02,MECFS_Case_Serum_701871_2021.04.22_17.48_Area1_IgG_A03,MECFS_Case_Serum_701871_2021.04.22_17.48_Area1_IgG_A04,MECFS_Case_Serum_701871_2021.04.22_17.48_Area1_IgG_A05,MECFS_Case_Serum_701871_2021.04.22_17.48_Area1_IgG_A06,MECFS_Case_Serum_701871_2021.04.22_17.48_Area1_IgG_A07,MECFS_Case_Serum_701871_2021.04.22_17.48_Area1_IgG_A08,MECFS_Case_Serum_701871_2021.04.22_17.48_Area1_IgG_A09,MECFS_Case_Serum_701871_2021.04.22_17.48_Area1_IgG_A10,MECFS_Control_Serum_701871_2021.04.22_17.48_Area1_IgG_A11,MECFS_Control_Serum_701871_2021.04.22_17.48_Area1_IgG_A12,MECFS_Case_CD56hi_T1_Plasma_702066_2022.09.16_12.35_Area1_IgG_A01,MECFS_Case_CD56hi_T1_Plasma_702066_2022.09.16_12.35_Area1_IgG_A02,MECFS_Case_CD56hi_T1_Plasma_702066_2022.09.16_12.35_Area1_IgG_A03,MECFS_Case_CD56hi_T1_Plasma_702066_2022.09.16_12.35_Area1_IgG_A04,MECFS_Case_CD56hi_T1_Plasma_702066_2022.09.16_12.35_Area1_IgG_A05,MECFS_Case_CD56hi_T1_Plasma_702066_2022.09.16_12.35_Area1_IgG_A06,MECFS_Case_CD56hi_T1_Plasma_702066_2022.09.16_12.35_Area1_IgG_A07,MECFS_Case_CD56hi_T1_Plasma_702066_2022.09.16_12.35_Area1_IgG_A08,MECFS_Case_CD56hi_T1_Plasma_702066_2022.09.16_12.35_Area1_IgG_A09
665681,REDUNDANT,TPDPRIGFKDNM,EXPR_MAIN,ANA_MSP1;3,3,ANA_MSP1,ANA-MSP1,TBD-Peptides,216.59,142.01,247.38,667.55,217.75,324.23,429.99,436.26,256.13,879.69,237.84,255.74,395.81,169.02,281.33,1324.03,445.05,389.17,19570.45,1198.73,1301.4,1033.39,1165.64,4298.95,4301.17,852.75,325.96,290.65,233.6,307.84,357.57,368.51,374.14,301.24,320.75,1472.3,1783.8,331.14,409.62,276.41,89.04,102.15,456.11,140.66,153.58,191.85,112.82,294.15,145.48,119.74,603.23,155.38,146.99,247.82,220.02,158.26,315.11,109.97,190.69,83.72,185.34,99.79,99.78,161.11,250.24,119.66,101.29,134.06,215.77,216.69,72.87,151.77,560.9,199.76,129.38,169.7,228.81,170.57,82.77,81.31,71.79,119.03,157.63,198.31,136.69,227.34,120.9,133.23,122,83.38,13224.89,83.55,174.54,131.38,82.38,122.84,199.97,127.95,178.6,203.9,333.32,199.27,137.83,137.94,171.91,154.68,234.12,186.18,278.14,278.14,192.79,975.75,150.37,187.1,234.96,1051.2,196.81,222.68,208.25,213.54,283.8,161.87,130.38,120.73,480.9,284.33,185.05
665681,REDUNDANT,PDPRIGFKDNML,EXPR_MAIN,ANA_MSP1;4,4,ANA_MSP1,ANA-MSP1,TBD-Peptides,105.66,86.3,292.59,1487.77,300.69,586.87,358.42,678.27,593.1,718.5,368.72,388.27,306.77,198.86,249.07,416.5,616.89,699.83,8912.84,2227.48,1389.05,1224.53,1088.43,8509.76,4853,625.75,365.92,195.35,325.39,364.14,314.87,533.18,457.97,386.08,385.97,1116.93,1414.1,379.97,363.13,233.23,138.58,166.7,305.57,126.47,159.02,709.86,98.58,104.11,188.25,499.83,3707.95,204.93,110.13,387.5,129.57,249.06,401.7,106.48,470.85,163.05,204.48,170.2,157.29,285.33,1085.66,122.96,136.18,200.93,249.05,250.79,2577.45,259.7,588.12,1058.69,387.77,178.82,212.18,153.57,81.56,76.95,94.65,74.14,124.3,263.61,201.05,284.52,178.5,145.58,176.04,78.34,2782.2,131.78,363.57,131.51,97.53,143.17,142.27,266.6,201.84,230.4,270.43,201,162.63,204.82,227.45,152.33,197.4,201.8,263.25,245.13,232.98,552.38,195.15,334.03,263.06,789.2,933.23,215.98,113.81,219.17,378.96,193.61,132.95,150.13,113.58,216.81,155.35
665681,ANA_MSP2,KDIVQFAKAVEI,EXPR_MAIN,ANA_MSP2;4,4,ANA_MSP2,ANA-MSP2,TBD-Peptides,108.22,138.62,132.83,157.97,133.44,576.99,201.18,297.67,532.89,896.77,567.99,2373.36,576.54,1059.35,1862.42,532.81,344.59,438.9,9475.94,307.72,409.19,1169.28,1089.85,14147.82,14164.81,317.65,223.07,412.79,252.81,699.12,643.2,469.06,617.65,5124.33,5879.57,1738.18,1761.04,209.37,910.07,69.45,71.8,84.08,79.51,143.16,133.66,125.2,114.21,134.51,152.53,90.78,119.75,2808.29,137.44,160.66,91.87,139.26,384.25,427.47,148.27,72.54,70.59,62.86,69.95,132.27,347.94,156.59,476.62,271.02,226.93,174.93,62.06,1127.12,124.93,100.58,612.75,125.82,975.07,43.52,59.16,48.48,122.99,73.68,75.65,119.54,412.51,138.3,141.31,466.01,101.77,73.47,148.2,114.39,85.63,96.61,85.02,90.34,62.54,80.27,213.37,122.6,138.72,188.14,138.54,112.24,113.23,168.43,119.43,453.23,120.34,162.63,118.94,112.51,250.15,171.53,229.96,256.63,142.52,194.22,76.64,82.34,616.97,112.96,68.8,98.46,106.15,89.74,99.53
665681,REDUNDANT,TPDPRIGFKDNM,EXPR_MAIN,ANA_MSP7_1;1,1,ANA_MSP7_1,ANA-MSP7-1,TBD-Peptides,216.59,142.01,247.38,667.55,217.75,324.23,429.99,436.26,256.13,879.69,237.84,255.74,395.81,169.02,281.33,1324.03,445.05,389.17,19570.45,1198.73,1301.4,1033.39,1165.64,4298.95,4301.17,852.75,325.96,290.65,233.6,307.84,357.57,368.51,374.14,301.24,320.75,1472.3,1783.8,331.14,409.62,276.41,89.04,102.15,456.11,140.66,153.58,191.85,112.82,294.15,145.48,119.74,603.23,155.38,146.99,247.82,220.02,158.26,315.11,109.97,190.69,83.72,185.34,99.79,99.78,161.11,250.24,119.66,101.29,134.06,215.77,216.69,72.87,151.77,560.9,199.76,129.38,169.7,228.81,170.57,82.77,81.31,71.79,119.03,157.63,198.31,136.69,227.34,120.9,133.23,122,83.38,13224.89,83.55,174.54,131.38,82.38,122.84,199.97,127.95,178.6,203.9,333.32,199.27,137.83,137.94,171.91,154.68,234.12,186.18,278.14,278.14,192.79,975.75,150.37,187.1,234.96,1051.2,196.81,222.68,208.25,213.54,283.8,161.87,130.38,120.73,480.9,284.33,185.05
665681,REDUNDANT,PDPRIGFKDNML,EXPR_MAIN,ANA_MSP7_1;2,2,ANA_MSP7_1,ANA-MSP7-1,TBD-Peptides,105.66,86.3,292.59,1487.77,300.69,586.87,358.42,678.27,593.1,718.5,368.72,388.27,306.77,198.86,249.07,416.5,616.89,699.83,8912.84,2227.48,1389.05,1224.53,1088.43,8509.76,4853,625.75,365.92,195.35,325.39,364.14,314.87,533.18,457.97,386.08,385.97,1116.93,1414.1,379.97,363.13,233.23,138.58,166.7,305.57,126.47,159.02,709.86,98.58,104.11,188.25,499.83,3707.95,204.93,110.13,387.5,129.57,249.06,401.7,106.48,470.85,163.05,204.48,170.2,157.29,285.33,1085.66,122.96,136.18,200.93,249.05,250.79,2577.45,259.7,588.12,1058.69,387.77,178.82,212.18,153.57,81.56,76.95,94.65,74.14,124.3,263.61,201.05,284.52,178.5,145.58,176.04,78.34,2782.2,131.78,363.57,131.51,97.53,143.17,142.27,266.6,201.84,230.4,270.43,201,162.63,204.82,227.45,152.33,197.4,201.8,263.25,245.13,232.98,552.38,195.15,334.03,263.06,789.2,933.23,215.98,113.81,219.17,378.96,193.61,132.95,150.13,113.58,216.81,155.35
665681,BAB_17_4_1,INKNKSGNAGIK,EXPR_MAIN,BAB_17_4_1;2,2,BAB_17_4_1,BAB-17-4-1,TBD-Peptides,126.64,260.31,427.73,483.92,324.5,9377.98,474.66,1197.97,379.47,419.44,420.56,383.65,316.42,315.88,336.75,868.33,2724.94,3233.21,1058.24,563.86,752.23,6579.59,1201.02,453.11,745.94,10749.7,621.26,487.87,2599.98,373.33,479.87,905.13,1199.81,1101.63,1188.73,976.87,1339.23,303.79,903.28,800.72,302.03,5933.69,403.11,767.89,230.17,1271.26,1671.31,299.04,289.74,224.19,2466.46,1285.18,286.22,1644.22,1281.83,2499.67,310.56,295.58,1043.57,416.4,1055.11,322.07,196.99,875.95,368.02,170.2,336.47,355.9,628.74,429.96,290.2,542.56,199.82,328.27,527.5,182.24,937.41,119.38,219.86,151.6,331.27,214.96,462.13,2084.09,1184.06,1557.62,191.24,712.12,1551.33,196.5,336.81,113.13,138.02,473.12,158.91,298.06,145.23,272.03,675.5,300.6,204.36,294.89,490.38,227.47,4617.61,266.53,370.04,245.48,395.16,1101.21,467.5,270.87,3668.77,40273.4,466.91,457.54,497.1,432.39,150.67,1281.62,293.83,2247.4,546.63,1261.65,272.84,645.57,348.98
665681,BAB_17_4_1,KNKSGNAGIKSY,EXPR_MAIN,BAB_17_4_1;4,4,BAB_17_4_1,BAB-17-4-1,TBD-Peptides,215.87,816.97,617.94,971.2,551.15,17666.96,356.82,2092.38,331.37,427.25,351.74,1839.9,486.1,371.12,1402.54,1063.4,883.5,1340.74,1087.27,1162.77,1181.48,4265.58,858.2,887.01,903.02,5327.73,562.95,613.85,606.66,507.1,569.59,461.35,471.36,1508.9,1394.24,1083.78,1193.8,1101.32,569.02,1398.14,248.48,3970.54,264.84,3761.26,361.46,2451.61,124.81,631.3,511.1,377.33,2003.83,2513.3,540.47,1372.76,1420.03,3849.28,492.1,466.1,721.14,219.14,232.53,2099.91,242.73,1436.29,1014.78,396.32,464.85,416.72,737.89,512.38,238.29,470.25,229.81,303.37,293.89,448.87,461.58,108.58,183.02,247.39,269.36,416.68,651.85,3741.78,890.08,1022.94,178.76,467.05,461.66,182.63,521.02,181.06,97.83,703.75,91.32,440.57,147.78,259.17,4541.05,266.18,229.38,366.94,936.17,184.58,5919.92,313.79,449.76,394.74,528.43,1052.72,1375.21,561.94,1595.23,1469.12,751.4,417.04,401.86,353.95,97.06,361.02,336.05,1562.61,1609.08,660.42,399.88,284.51,785.92
665681,BAB_17_8,SEKAERKSHDTQ,EXPR_MAIN,BAB_17_8;2,2,BAB_17_8,BAB-17-8,TBD-Peptides,80.33,166.64,486.89,855.71,328.19,1096.43,1508.84,7795.75,2472.26,3283.28,393.7,3470.92,1088.87,306.34,2836.33,224.45,283.85,327.74,5786.51,365.05,815.63,8996.77,967.19,535.56,605.07,1073.46,241.94,232.32,779.72,1193.79,1398.53,1594.29,1973.24,54582.2,49195.05,1963.18,2377.32,2105.1,350.17,1435.94,169.82,350.46,1301.13,272.57,319.85,621,230.92,112.32,144.22,109.86,4734.3,114.19,395.45,267.07,136.67,850.88,246.06,435.63,331.91,117.99,310.09,114.65,126.18,6578.62,1012.12,139.11,1453.79,993.55,465.03,947.03,159.55,1003.95,274.59,356.49,497.36,894.47,414.61,94.72,132.32,146.23,153.27,141.91,708.68,191.58,248.35,244.22,91.71,174.02,151.11,93.28,120.69,98.68,130.97,138.75,112.14,137.4,121.83,124.73,120.4,129.71,225.22,601.73,634.86,117.99,222.55,4173.67,197.68,173.7,273.05,264.74,341.51,526.04,164.68,682.29,206.39,363.99,2372.35,615.11,123.28,129.21,215.43,116.42,133.77,119.73,534.3,395.75,123.78
665681,REDUNDANT,MKKDDQIAAAIV,EXPR_MAIN,BB_C6B;1,1,BB_C6B,BB-C6B,TBD-Peptides,145.05,193.01,308.36,628.46,262.06,3197.18,643.81,371.44,421.77,546.09,717.44,1308.84,831.3,159.78,2126.18,206.8,985.03,1775.02,3271.19,195.01,216.6,40105.96,463.47,599.29,471.9,8020.63,1419.58,477.33,199.89,204.05,219.66,488.05,818.79,4252.79,1596.07,5408.3,6556.57,1498.6,183.56,1783.64,87.95,125.79,474.92,109.95,808.11,634.63,96.54,92.73,191.03,96.17,263.35,750.26,265.03,1001.33,78.58,396.88,133.14,1228.08,162.28,148.29,242.05,378.27,120.67,1046.25,226.57,255.58,88.27,916.86,270.22,814.61,121.4,222.84,108.2,192.17,277.22,416.62,1109.61,134.04,63.47,94.82,92.7,86.7,876.79,1903.15,169.94,144.62,149.57,140.79,94.93,126.39,143.37,75.15,87.88,110.08,97.32,282.17,299.72,116.16,116.91,142.71,153.36,139.25,121.44,317.33,173.71,143.05,188.85,208.07,267.99,332.04,228.34,345.25,1360.65,198.27,180.16,190.72,145.01,212.44,98.63,26181.25,131.9,556.47,114.92,129.88,93.65,92.19,99.53
665681,BB_C6B_1,CMKKDDQIAAAI,EXPR_MAIN,BB_C6B_1;1,1,BB_C6B_1,BB-C6B-1,TBD-Peptides,198.29,454.53,205.41,227.48,161.58,624.19,920.62,501.91,501.01,665.43,578.78,3399.69,509.35,1179.37,3762.08,119.79,543.33,1438.94,2838.5,254.91,251.44,63819.95,7618.72,419.18,464.14,7939.21,125.13,1688.93,192.03,261.25,208.97,2267.78,1113.82,4268.12,1857.98,4499.14,5933.69,998.02,204.11,2859.38,98.52,116.12,269.97,349.63,1098.97,1120.06,158.89,239.77,348.16,228.19,345.77,516.37,201.83,507.91,233.93,383.28,495.78,2591.91,198.75,470.41,284.25,650.31,123.94,523.17,430.23,289.94,109.55,434.88,225.79,233.77,87.63,178.67,125.3,158.87,233.16,634.05,191.81,261.38,44.48,144.16,78.71,97.44,1149.48,3251.26,258.26,208.39,299.45,305.09,108.47,269.36,411.43,78.98,75.88,156.84,96.02,184.92,324.07,84.62,105.08,183.02,310.41,299.49,136.25,213.02,115.66,125.75,175.53,228.11,166.91,417.06,224.5,300.35,931.94,94.08,277.41,354.91,156.15,2162.55,106.71,53259.8,684.34,787.97,114.61,301.09,144.6,87.61,140.55
665681,REDUNDANT,MKKDDQIAAAIV,EXPR_MAIN,BB_C6B_1;2,2,BB_C6B_1,BB-C6B-1,TBD-Peptides,145.05,193.01,308.36,628.46,262.06,3197.18,643.81,371.44,421.77,546.09,717.44,1308.84,831.3,159.78,2126.18,206.8,985.03,1775.02,3271.19,195.01,216.6,40105.96,463.47,599.29,471.9,8020.63,1419.58,477.33,199.89,204.05,219.66,488.05,818.79,4252.79,1596.07,5408.3,6556.57,1498.6,183.56,1783.64,87.95,125.79,474.92,109.95,808.11,634.63,96.54,92.73,191.03,96.17,263.35,750.26,265.03,1001.33,78.58,396.88,133.14,1228.08,162.28,148.29,242.05,378.27,120.67,1046.25,226.57,255.58,88.27,916.86,270.22,814.61,121.4,222.84,108.2,192.17,277.22,416.62,1109.61,134.04,63.47,94.82,92.7,86.7,876.79,1903.15,169.94,144.62,149.57,140.79,94.93,126.39,143.37,75.15,87.88,110.08,97.32,282.17,299.72,116.16,116.91,142.71,153.36,139.25,121.44,317.33,173.71,143.05,188.85,208.07,267.99,332.04,228.34,345.25,1360.65,198.27,180.16,190.72,145.01,212.44,98.63,26181.25,131.9,556.47,114.92,129.88,93.65,92.19,99.53
665681,REDUNDANT,MKKDDQIAAAIV,EXPR_MAIN,BB_C6B_2;2,2,BB_C6B_2,BB-C6B-2,TBD-Peptides,145.05,193.01,308.36,628.46,262.06,3197.18,643.81,371.44,421.77,546.09,717.44,1308.84,831.3,159.78,2126.18,206.8,985.03,1775.02,3271.19,195.01,216.6,40105.96,463.47,599.29,471.9,8020.63,1419.58,477.33,199.89,204.05,219.66,488.05,818.79,4252.79,1596.07,5408.3,6556.57,1498.6,183.56,1783.64,87.95,125.79,474.92,109.95,808.11,634.63,96.54,92.73,191.03,96.17,263.35,750.26,265.03,1001.33,78.58,396.88,133.14,1228.08,162.28,148.29,242.05,378.27,120.67,1046.25,226.57,255.58,88.27,916.86,270.22,814.61,121.4,222.84,108.2,192.17,277.22,416.62,1109.61,134.04,63.47,94.82,92.7,86.7,876.79,1903.15,169.94,144.62,149.57,140.79,94.93,126.39,143.37,75.15,87.88,110.08,97.32,282.17,299.72,116.16,116.91,142.71,153.36,139.25,121.44,317.33,173.71,143.05,188.85,208.07,267.99,332.04,228.34,345.25,1360.65,198.27,180.16,190.72,145.01,212.44,98.63,26181.25,131.9,556.47,114.92,129.88,93.65,92.19,99.53
665681,BB_DBP1,FKDKKTGSGVSE,EXPR_MAIN,BB_DBP1;3,3,BB_DBP1,BB-DBP1,TBD-Peptides,187.99,79.75,512.92,349.81,230.53,1192.01,277.48,1251.21,370.1,327.57,189.37,369.89,356.01,320.61,1190.3,226.58,513.17,811.09,447.64,359.74,355.63,759.63,417.16,441.76,433.78,621.84,319.22,245.25,167.95,517.94,354.22,350.05,267.66,951.52,769.76,2800.78,7292.88,372.89,321.86,171.41,78.13,375.97,108.34,2084.5,236.24,2218.32,3057.22,138.55,173.2,97.19,192.74,97.74,104.94,131.57,169.47,967.33,125.93,352.85,493.36,117.78,355.69,200.2,242.64,6790.32,1968,139.25,119.31,160.33,170.21,519.92,76.09,532.84,152.02,291.42,456.92,15200.74,287.83,85.93,129.41,332.62,148,112.3,237.3,560,181.57,113.57,182.04,174.28,96.83,100.99,1335.29,209.9,74.74,423.98,62.96,174.29,80.47,104.68,136.09,150.7,370.12,216.44,254.77,171.96,922.22,150.37,241.21,217.68,178.84,241.35,526.15,705.02,184.8,299.07,239.36,187.49,1256.22,201.82,86.54,97.82,109.99,160.42,134.6,191.07,138.72,130.11,180.88
665681,BB_DBP1_2,AFKEDKTGSKVS,EXPR_MAIN,BB_DBP1_2;2,2,BB_DBP1_2,BB-DBP1-2,TBD-Peptides,470.03,158.28,722.43,352.82,256.2,2545.75,499.54,981.56,301.03,419.78,378.22,1402.21,428.06,1891.5,910.27,349.63,734.21,2133.04,654.55,547.58,330.6,728.14,730.95,484.27,493.38,824.28,309.98,293.01,227.75,447.92,448.47,794.21,660.26,791.62,838.14,1381.97,1608.83,282.94,311.32,177.23,179.06,312.76,176.31,501.07,262.38,1912.48,578.81,140.88,162.66,157.07,834.59,111.5,179.41,180.03,198.6,1544,150.84,3173.36,445.43,123.43,335.1,292.66,339.62,473.33,244.3,125.84,332.36,143.25,597.14,523.23,96.48,297.22,128.84,133.44,142.97,169.59,176.91,103.96,142.05,163.51,144.37,113.03,210.01,239.65,208.83,68.17,178.92,347.1,75.62,125.04,1532.83,118.27,170.24,634.27,86.43,191.99,114.18,217.1,345.24,713.68,345.77,195.67,205.03,254.87,750,168.69,429.72,334.12,203.2,596.6,341.12,218.64,218.05,422.12,9692.88,249.05,476.6,13300.04,107.32,182.35,120.43,485.37,109.03,156.81,192.75,131.59,153.51
665681,BB_OSPC_K3,KAILITDAAKDK,EXPR_MAIN,BB_OSPC_K3;1,1,BB_OSPC_K3,BB-OSPC-K3,TBD-Peptides,125.22,360.73,253.39,1506.54,269.61,324.97,760.34,1087.91,712.46,561.73,518.48,1584.11,490.96,824.07,580.11,473.26,555.21,527.24,4142.45,1976.3,1595.31,7101.91,3320.38,637.98,630.57,1130.58,272.15,388.98,348.88,445.8,499.18,803.58,799,1207.48,1358.13,14110.19,15443.39,428.24,531,1049.5,361.57,863.74,145.97,6497.64,424.32,413.4,214.49,131.12,374.7,1777.39,151.02,213.95,539.87,1469.26,274.15,1045.5,6317.24,572.75,187.94,96.08,301.19,172.34,664.37,1903.88,251.62,920.71,269.26,2650.07,1732.52,231.02,939.6,438.41,182.91,2029.69,294.57,466.23,736.49,5184.89,226.56,158.56,5645.05,97.61,450.1,594.84,277.91,163.56,325.6,154.32,272.51,96.03,118.78,204.97,420.21,302.19,109.08,212.85,203.52,356.48,494.89,395.35,3856.88,214.68,2313.08,198.47,269.98,1621.62,296.7,3403,8695.78,362.69,213.31,153.22,223.39,315.41,486.47,295.68,248.97,269.27,186.23,242.87,3943.22,4335.78,141.46,697.99,169.29,161.49,343
665681,BMIYA_FLAB,AQAAPAQEGAQQ,EXPR_MAIN,BMIYA_FLAB;1,1,BMIYA_FLAB,BMIYA-FLAB,TBD-Peptides,114.02,622,198.31,3913.6,196.75,157.6,172.36,568.96,570.73,588.13,620.94,2485.21,279.99,146.09,129.26,108.82,220.97,178.23,298.55,54839.93,56147.82,318.14,300.22,370.9,334.05,374.99,258.04,134.03,175,337.71,324.67,1531.52,1232.48,565.78,501.39,1774.96,2348.6,628.76,224.39,182.36,81.9,141.57,88.21,4778.55,3179.33,364.37,74.23,104.04,110.95,107.38,169.59,140.47,149.91,151.63,153.49,125.8,93.29,91.4,431.88,96.61,134.28,106.99,87.8,145.1,537.59,114.95,123.41,118.14,119.22,409.76,104.87,111.5,103.61,118.98,1138.17,7073.28,178.8,93.48,54.18,74.22,62.71,73.22,84.94,200.9,7339.85,124.79,80.49,108.98,123.97,87.78,172.18,75.63,92.24,410.84,85.22,108.71,89.04,762.32,1676.14,179.98,179.23,1992.93,308.67,174.99,158.49,157.24,219.43,174.49,162.79,569.37,369.4,544.2,209.36,192.8,177.3,137.27,680.32,254.71,96.67,281.49,129.98,83.57,127.43,114.16,92.36,100.73,438.9
665681,BMIYA_FLAB,QAAPAQEGAQQE,EXPR_MAIN,BMIYA_FLAB;2,2,BMIYA_FLAB,BMIYA-FLAB,TBD-Peptides,108.37,89.36,161.03,2162.41,214.29,162.52,190.01,737.21,191.21,226.67,147.16,133.93,179.78,154.51,144.84,180.62,135.37,139.15,184.88,43545.2,42720.43,147.48,203.6,253.55,209.26,223.38,126.13,94.67,274.09,869.29,717.42,2403.18,2941.51,122.23,111.45,1617,1945.74,167.48,198.87,73.21,52.15,137.59,70.98,1460.53,278.87,106.86,54.08,63.98,102.44,113.81,132.47,84.78,69.21,131.23,116.78,73,102.7,73.8,105.28,90.01,130.45,96.68,80.84,87.6,110.74,109.99,79.15,128.8,74.38,236.27,74.26,116.69,97.83,103.02,270.76,7893.72,122.95,123.82,67.41,60.52,74.62,65.88,82.41,86.38,2462.46,90.51,73.48,99.9,224.45,53.78,104.78,86.1,116.71,101.44,87.12,155.1,65.69,122.23,288.59,119.65,134.29,127.12,199.23,135.51,113.73,141.01,107.05,153,165.37,347.71,270.97,227.31,159.25,141.03,130.44,132.13,240.75,299.58,73.17,133.87,118.29,73.28,112.97,87.18,100.61,306.4,422.37
665681,Ehl_p28_0,LYGLKQDWNGVS,EXPR_MAIN,Ehl_p28_0;1,1,Ehl_p28_0,Ehl-p28-0,TBD-Peptides,235.44,179.41,303.66,274.86,221.31,413.88,300.99,338.48,7049.67,1200.8,273.15,1583.3,523.98,454.94,2333.69,1002.67,642.52,805.69,588.46,938.01,683.95,3526.59,1198.83,1236.84,772.71,391.75,2004.88,2680.22,226.28,4904.12,4723.86,344.8,323.48,323.06,389.63,1617.57,1863.92,270.55,856.75,183.51,237.2,198.82,1985.22,396.43,191.85,153.46,95.79,131.44,612.44,167.26,417.62,276.01,545.55,214.16,568.17,261.52,108.8,121.62,240.34,137.35,137.19,105.77,128.53,1076.56,753.67,175.89,316.1,171.59,184.64,782.08,103.82,607.84,239.75,254.19,170.73,254.16,322.46,225.9,115.22,95,977.07,100.05,118.89,317.27,734.69,228.74,281.22,153.96,242.54,758.42,93.85,89.16,167.48,170.52,90.73,101,165.53,172.11,1395.91,132.74,761.16,173.16,258.36,127.14,159.75,144.44,196.97,142.48,159.29,272.64,479.27,118.1,301.33,818.09,247.15,410.99,296.21,235.61,188.36,197.79,112.38,139.85,126.82,196.68,128.35,581.05,136.87
665681,Ehl_Trp47,AVSQETPATQPQ,EXPR_MAIN,Ehl_Trp47;2,2,Ehl_Trp47,Ehl-Trp47,TBD-Peptides,1809.68,502.16,180.83,1504.67,342.73,2159.17,183.73,246.17,225.03,1249.87,3264.87,1960.01,2815.2,864.52,352.54,303.97,151.15,179.62,227.84,405.24,433.05,967.63,2401.48,3445.94,2602.82,935.22,673.08,299.33,795.51,1561.37,1438.2,842.31,1193.76,362.36,458.89,2574.93,3482.16,140.03,270.73,232.98,138.74,201.46,65.84,234.43,196.99,109.56,1124.43,96.35,470.91,154.77,312.15,94.27,171.71,93.2,80.24,731.78,72.66,181.21,113.94,102.54,4745.4,130.55,514.87,90.35,78.05,107.04,94.12,99.85,349.4,477.46,89.89,156.49,213.15,357.98,117.96,134.64,2819.65,84.07,64.93,190.54,68.15,83.58,65.34,85.49,622.91,128.32,406.72,87.74,116.6,4567.98,503.16,195.09,173.02,143.46,69.19,6761.43,79.13,29422.58,477.09,125.24,159.19,1283.01,1484.89,136.56,320.46,152.85,202.98,154.91,156.22,214.73,215.72,125.55,222.42,261.63,2534.91,18458.53,128.67,154.89,109.64,115.87,84.08,92.32,105.56,146.3,206.88,306.76,331.24
665681,Ehl_Trp47,VSQETPATQPQS,EXPR_MAIN,Ehl_Trp47;3,3,Ehl_Trp47,Ehl-Trp47,TBD-Peptides,919.7,1352.56,158.83,22278.69,2481.2,2401.26,234.52,236.45,221.87,1387.36,2942.56,1799.58,1930.61,1114.99,335.41,337.08,212.02,236.56,158.56,751.44,772.94,1351.68,1839.73,415.03,319.88,11489.79,1051.77,305.47,1070.06,1747.79,162.98,795.44,757.07,935.75,1471.21,2359.83,5375.96,163.05,393.17,288.06,124.49,223,104.01,234.47,314.72,160.97,1092.44,177.14,1360.47,126.79,396.11,110.68,104.99,194.5,88.32,1025.84,68.84,155.52,86.48,105.49,722.62,120.05,802.67,109.79,174.99,153.59,78.3,92.19,174.28,405.37,82.59,357.04,132,347.68,134.45,139.09,4314.93,69.74,97.02,258.66,64.54,104.42,81.4,85.15,995.53,141.78,608.22,107.05,272.2,8206.65,735.46,245.77,336.75,539.77,57.16,7504.14,94.21,28493.92,4371.56,168.52,244.74,1670.01,1546.72,144.96,382.57,132.38,2473.69,211.19,146.57,259.7,264.95,150.55,1197.44,384.93,2842.05,51407.84,136.86,134.02,116.9,131.01,112.2,106.55,117.99,295.44,202.15,210.38,236.88
665681,Ehl_Trp47,SQETPATQPQSR,EXPR_MAIN,Ehl_Trp47;4,4,Ehl_Trp47,Ehl-Trp47,TBD-Peptides,1160.44,1156.4,494.81,8613.73,1523.86,8832.3,504.26,307.73,415.31,2741.02,3376.26,2570.73,2045.22,1918.01,990.62,392.71,1599.91,592.29,588.63,1371.68,996.07,3276.91,2197.81,944,792.84,7422.47,851.11,634.26,6964.57,1915.59,1778.47,1337.33,924.42,927.43,1049.72,6869.27,7503.93,3118.53,596.93,610.82,200.54,242.32,217.11,242.92,459.72,142.71,2431.94,4113.3,728.23,149.42,406.37,117.79,114.4,168.58,139.3,1571.57,134.05,228.37,152.01,152.57,607.44,230.61,1386.35,175.74,115.98,93.65,117.32,113.76,172.65,521.88,85.41,912.26,135.92,316.17,157.59,152.17,5933.93,75.77,77.96,404.43,73.02,152.55,104.63,148.71,692.57,113.71,1208.43,75.42,467.43,6231.3,936.61,297.71,280.97,352.5,97.76,9594.1,136.13,30150.71,1518.98,286.59,235.63,2481.68,1602.92,138.76,411.96,181.58,1055.49,294.59,146.29,1449.23,259.8,155.68,559.22,308.82,4523.23,48956.47,264.63,161.95,94.91,195.42,122.85,121.74,155.76,138.57,146.81,197.73,324.08
665681,Ehl_Trp47,QETPATQPQSRD,EXPR_MAIN,Ehl_Trp47;5,5,Ehl_Trp47,Ehl-Trp47,TBD-Peptides,784.2,231.32,364.44,1681.09,698.55,2863.12,815.98,340.03,456.32,1811.74,2450.78,2693.38,1973.84,1701.43,619.91,485.24,254.52,239.05,292.96,1326.04,1029.52,2562.48,2095.95,646.46,553.47,922.88,2252.54,285.99,3121.63,1620.41,245.96,716.85,805.69,719.26,713.23,5180.8,7226.11,1218.03,633.87,1108.37,99.91,192.19,172.68,718.34,454.81,101.63,1302.91,878.91,760.77,167.53,690.73,147.04,86.24,113.39,189.66,2757.17,98.65,263,153.4,94.8,449.07,120.26,1093.02,106.82,159.52,201.44,129.09,190.89,210.21,478.35,113.82,268.6,241.91,693.59,211.43,146.81,6603.12,77.9,69.71,199.53,84.07,116.17,71.97,81.31,1320.25,152.24,694.45,123.17,1092.31,6479.89,1152.69,331.78,484.71,190.65,95.77,10901.32,83.12,19944.51,376.09,172.99,213.79,1915.05,1546.85,357.96,283.75,154.05,967.45,238.09,117.4,757.22,289.19,239.85,198.02,444.63,4034.7,46287.49,176.51,238.9,82.31,241.62,126.31,132.37,182.42,136.46,163.93,167.1,243.58
665681,Ehl_VPLT_4,QQSSNSDLHGSF,EXPR_MAIN,Ehl_VPLT_4;1,1,Ehl_VPLT_4,Ehl-VPLT-4,TBD-Peptides,112.57,135.02,192.67,336.48,497.15,372.76,359.81,575.79,184.55,778.92,389.34,31425.48,492.89,251.38,1134.98,187.6,477.08,575.59,1172.34,237.1,225.69,259.88,367.18,181.3,186.64,1159.65,417.04,195.35,180.4,423.05,409.97,17086.04,14032.34,732.21,693.81,1093.83,1336.9,780.95,202.9,1357.49,190.69,85.87,129.78,324.02,120.2,68.41,339.9,104.81,115.1,111.96,10753.83,94.56,178.51,75.46,138.41,1209.7,101.29,70.15,225.42,214.52,703.59,66.63,175.07,176.35,116.33,112.24,70.17,93.42,103.75,137.28,106.97,152.63,110.37,205.57,255.64,1872.74,202.57,54.05,59.25,49.88,47.82,47.54,70.49,88.1,1878.12,114.48,92.5,97.21,332.87,71.72,82.17,76.92,59.22,77.82,59.58,80.61,72.62,66.31,103.61,142.96,129.84,244.58,702.7,155.03,137.81,130.21,160.53,309.42,158.43,159.84,181.04,135.12,158.7,275.84,261.14,104.01,144.22,619.02,72.44,131.83,74.15,366.92,75.86,91.38,128.64,107.59,883.97
665681,Ehl_VPLT_4,QSSNSDLHGSFS,EXPR_MAIN,Ehl_VPLT_4;2,2,Ehl_VPLT_4,Ehl-VPLT-4,TBD-Peptides,128.75,72.12,184.98,217.07,620.82,401.72,222.37,360.51,211.41,501.7,247.61,19100.74,411.22,178,177.8,120.24,333.14,430.58,701.38,545.76,603.58,332.13,193.99,235.19,220.22,1046.67,251.34,129.1,456.52,353.03,300.44,11775.91,10379.21,786.3,707.76,808.82,1269.68,201.42,191.32,1345.45,252.33,102.88,87.66,235.47,113.95,185.01,197.74,93.68,154.41,91.77,3830.16,111.81,163.58,106.84,94.24,13926.02,83.26,82.23,76.61,62.19,87.88,108.77,392.31,130.67,118.33,106.31,58.93,82.31,102.06,176.3,95.56,107.19,149.17,100.52,361.04,112.57,143.36,62.79,60.2,80.6,52.43,73.43,80.23,66.83,3720.05,93.41,68.19,100.93,459.26,65.82,193.76,86.09,66.38,79.03,59.68,67.4,74.55,77.37,117.26,1283.71,405.11,156.02,555.74,147.22,109.94,124.66,119.99,189.04,113.68,242.55,132.66,119.49,134.29,163.91,180.91,112.04,159.34,701.62,100.14,94.01,95.12,249.03,69.33,89.67,87.83,85.9,184.62
665681,POW_2,ALPWKHKDNQDW,EXPR_MAIN,POW_2;2,2,POW_2,POW-2,TBD-Peptides,496.22,173.29,407.67,220.16,163.23,337.66,358.19,367.87,2136.21,37709.98,557.84,335.38,1990.47,260.31,20349.97,570.76,1357.4,1360.63,884.2,394.97,388.58,965.48,888.4,507.88,505.9,854.34,202.48,5606.48,290.64,1117.23,975.23,618.63,567.89,671.05,723.5,1669.5,2058.75,363.94,595.58,188.87,103.88,118.38,85.72,326.39,132.05,411.27,99.9,541.4,396.49,81.49,223.1,329.4,207.46,1262.95,478.14,231.23,165.37,217.62,1220.77,155.16,201.8,187.79,128.75,347.02,728.82,248.68,408.05,193.94,253.27,384.37,227.36,332.37,338.52,253.01,210.11,1520.84,758.4,189.92,86.23,1121.81,85.84,182.38,442.69,318.99,370.29,306.49,253.12,283.25,438.07,135.03,233.15,134.17,170.57,129.15,142.73,164.41,193.35,133.39,178.18,312.43,251.59,261.81,969.54,616.43,153.19,210.56,214.81,142.28,228.39,282.12,318.47,291.99,213.55,249.5,1342.06,165.21,275.86,161.68,126.44,188.37,267.77,141.63,232.94,155.08,144.19,155.77,1270.79
665681,ZIKA,AEVTGNSPRLDV,EXPR_MAIN,ZIKA;8,8,ZIKA,ZIKA,TBD-Peptides,184.81,436.65,120.12,579.64,622.97,4461.69,421.35,8166.87,517.47,1332.81,563.92,3680.99,220.19,13404.17,230.03,541.61,5844.09,3528.67,778.42,3321.34,3055,535.04,776.35,2477.62,2385.61,10816.13,155.78,208.02,2693.49,500.19,409.38,413.64,329.25,703.53,869.45,2885.33,3754.75,1171.12,2621.79,193.46,150.64,208.09,89.57,364.72,118.9,229.15,83.43,163.09,385.41,137.48,2534.89,269.61,362.41,215.1,295.14,358.11,245.13,122.05,158.34,681.98,814.78,84.87,70.44,484.39,1044.93,74.51,107.31,83.94,341.42,152.01,77.22,248.21,434.43,110.51,156.95,117.9,410.55,43,47.23,381.8,78.51,345.29,105.16,129.6,79.65,92.95,87.53,274.91,97.21,70.2,930.13,32301.16,83.83,113.11,885.61,127.67,81.17,72.28,199.69,800.75,190.71,180.36,286.56,111.98,185.52,154.6,204.43,132.9,257.15,144.74,128.76,149.95,1041.99,347.89,169.38,137.03,154.52,140.95,75.18,160.62,125.42,166.69,154.09,112.48,88.13,109.1,90.34
665681,ZIKA,EVTGNSPRLDVA,EXPR_MAIN,ZIKA;9,9,ZIKA,ZIKA,TBD-Peptides,105.53,72.89,142.67,805.75,189.32,447.59,654.54,1376.01,18826.31,420.39,550.57,3069.86,207.99,1318.6,192.74,1038.63,13001.28,19375.29,371.36,545.83,557.52,209.54,608.09,3860.62,1983.02,2278.89,269.84,124.1,853.84,581.97,457.94,236.76,215.67,366.59,573.44,2373.82,2827.88,1803.84,1409.55,162.88,62.61,143.47,72.33,440.98,67.16,102.85,80.99,146.14,592.2,89.99,1893.31,249.75,685.44,1861.29,165.31,357.24,59.72,104.5,260.21,100.87,108.36,67.35,59.97,114.94,133.45,91.64,65.34,76.02,377.9,98.34,64.99,186.5,136.75,137.88,155.55,115.07,238.42,55.46,50.29,51.13,84.34,71.83,72.41,138.01,236.86,70.2,112.69,110.33,81.97,69.86,1207.27,223.84,107.68,344.82,66.08,107.73,72.37,62.43,121.43,317.49,497.36,304.3,261.61,107.32,275.85,140.9,166.89,135.21,243.91,133.82,217.3,96.95,335.49,198.98,169.58,127.32,274.25,133.73,84.38,95.51,109.35,207.39,99.05,105.78,77.89,95.87,99.22
